"","RecorderID","ProfileID","Datefield","Unitsread","Valid"
"1","GNK001",12001461,"2010-09-01 00:00:00",0.178333336487412,1
"2","GNK001",12001461,"2010-09-01 00:30:00",0.191666666418314,1
"3","GNK001",12001461,"2010-09-01 01:00:00",0.128333335742354,1
"4","GNK001",12001461,"2010-09-01 01:30:00",0.198333337903023,1
"5","GNK001",12001461,"2010-09-01 02:00:00",0.143333334475756,1
"6","GNK001",12001461,"2010-09-01 02:30:00",0.185000007972121,1
"7","GNK001",12001461,"2010-09-01 03:00:00",0.138333333656192,1
"8","GNK001",12001461,"2010-09-01 03:30:00",0.191666672006249,1
"9","GNK001",12001461,"2010-09-01 04:00:00",0.135000001639128,1
"10","GNK001",12001461,"2010-09-01 04:30:00",0.175000006332994,1
"11","GNK001",12001461,"2010-09-01 05:00:00",0.156666671857238,1
"12","GNK001",12001461,"2010-09-01 05:30:00",0.135000004433095,1
"13","GNK001",12001461,"2010-09-01 06:00:00",0.181666670367122,1
"14","GNK001",12001461,"2010-09-01 06:30:00",0.0900000003166497,1
"15","GNK001",12001461,"2010-09-01 07:00:00",0.0683333319611847,1
"16","GNK001",12001461,"2010-09-01 07:30:00",0.106666665524244,1
"17","GNK001",12001461,"2010-09-01 08:00:00",0.099999999627471,1
"18","GNK001",12001461,"2010-09-01 08:30:00",0.0699999984353781,1
"19","GNK001",12001461,"2010-09-01 09:00:00",0.131666665896773,1
"20","GNK001",12001461,"2010-09-01 09:30:00",0.0783333322033286,1
"21","GNK001",12001461,"2010-09-01 10:00:00",0.126666666939855,1
"22","GNK001",12001461,"2010-09-01 10:30:00",0.131666665896773,1
"23","GNK001",12001461,"2010-09-01 11:00:00",0.128333332017064,1
"24","GNK001",12001461,"2010-09-01 11:30:00",0.129999998956919,1
"25","GNK001",12001461,"2010-09-01 12:00:00",0.129999998956919,1
"26","GNK001",12001461,"2010-09-01 12:30:00",0.131666665896773,1
"27","GNK001",12001461,"2010-09-01 13:00:00",0.129999998956919,1
"28","GNK001",12001461,"2010-09-01 13:30:00",0.131666665896773,1
"29","GNK001",12001461,"2010-09-01 14:00:00",0.131666665896773,1
"30","GNK001",12001461,"2010-09-01 14:30:00",0.136666666716337,1
"31","GNK001",12001461,"2010-09-01 15:00:00",0.134999999776483,1
"32","GNK001",12001461,"2010-09-01 15:30:00",0.134999999776483,1
"33","GNK001",12001461,"2010-09-01 16:00:00",0.133333332836628,1
"34","GNK001",12001461,"2010-09-01 16:30:00",0.129999998956919,1
"35","GNK001",12001461,"2010-09-01 17:00:00",0.133333332836628,1
"36","GNK001",12001461,"2010-09-01 17:30:00",0.131666665896773,1
"37","GNK001",12001461,"2010-09-01 18:00:00",1.07666667364538,1
"38","GNK001",12001461,"2010-09-01 18:30:00",0.595000006258488,1
"39","GNK001",12001461,"2010-09-01 19:00:00",0.680000007152557,1
"40","GNK001",12001461,"2010-09-01 19:30:00",0.316666655242443,1
"41","GNK001",12001461,"2010-09-01 20:00:00",0.520000010728836,1
"42","GNK001",12001461,"2010-09-01 20:30:00",0.253333337605,1
"43","GNK001",12001461,"2010-09-01 21:00:00",0.250000007450581,1
"44","GNK001",12001461,"2010-09-01 21:30:00",0.191666670143604,1
"45","GNK001",12001461,"2010-09-01 22:00:00",0.200000006705523,1
"46","GNK001",12001461,"2010-09-01 22:30:00",0.183333333581686,1
"47","GNK001",12001461,"2010-09-01 23:00:00",0.143333338201046,1
"48","GNK001",12001461,"2010-09-01 23:30:00",0.196666672825813,1
"49","GNK001",12001461,"2010-09-02 00:00:00",0.130000002682209,1
"50","GNK001",12001461,"2010-09-02 00:30:00",0.195000000298023,1
"51","GNK001",12001461,"2010-09-02 01:00:00",0.128333335742354,1
"52","GNK001",12001461,"2010-09-02 01:30:00",0.195000000298023,1
"53","GNK001",12001461,"2010-09-02 02:00:00",0.133333334699273,1
"54","GNK001",12001461,"2010-09-02 02:30:00",0.179999999701977,1
"55","GNK001",12001461,"2010-09-02 03:00:00",0.145000003278255,1
"56","GNK001",12001461,"2010-09-02 03:30:00",0.150000002235174,1
"57","GNK001",12001461,"2010-09-02 04:00:00",0.175000004470348,1
"58","GNK001",12001461,"2010-09-02 04:30:00",0.135000001639128,1
"59","GNK001",12001461,"2010-09-02 05:00:00",0.156666669994593,1
"60","GNK001",12001461,"2010-09-02 05:30:00",0.191666672006249,1
"61","GNK001",12001461,"2010-09-02 06:00:00",0.115000000223517,1
"62","GNK001",12001461,"2010-09-02 06:30:00",0.0733333332464099,1
"63","GNK001",12001461,"2010-09-02 07:00:00",0.108333331532776,1
"64","GNK001",12001461,"2010-09-02 07:30:00",0.0950000006705523,1
"65","GNK001",12001461,"2010-09-02 08:00:00",0.0700000007636845,1
"66","GNK001",12001461,"2010-09-02 08:30:00",0.125,1
"67","GNK001",12001461,"2010-09-02 09:00:00",0.0849999990314245,1
"68","GNK001",12001461,"2010-09-02 09:30:00",0.361666657030582,1
"69","GNK001",12001461,"2010-09-02 10:00:00",1.10833333432674,1
"70","GNK001",12001461,"2010-09-02 10:30:00",0.154999999329448,1
"71","GNK001",12001461,"2010-09-02 11:00:00",0.409999987110496,1
"72","GNK001",12001461,"2010-09-02 11:30:00",0.134999999776483,1
"73","GNK001",12001461,"2010-09-02 12:00:00",0.0949999988079071,1
"74","GNK001",12001461,"2010-09-02 12:30:00",0.125000000465661,1
"75","GNK001",12001461,"2010-09-02 13:00:00",0.141666667535901,1
"76","GNK001",12001461,"2010-09-02 13:30:00",0.140000000596046,1
"77","GNK001",12001461,"2010-09-02 14:00:00",0.136666666716337,1
"78","GNK001",12001461,"2010-09-02 14:30:00",0.133333332836628,1
"79","GNK001",12001461,"2010-09-02 15:00:00",0.133333332836628,1
"80","GNK001",12001461,"2010-09-02 15:30:00",0.134999999776483,1
"81","GNK001",12001461,"2010-09-02 16:00:00",0.133333332836628,1
"82","GNK001",12001461,"2010-09-02 16:30:00",0.133333332836628,1
"83","GNK001",12001461,"2010-09-02 17:00:00",0.339999992400408,1
"84","GNK001",12001461,"2010-09-02 17:30:00",0.906666658818722,1
"85","GNK001",12001461,"2010-09-02 18:00:00",0.493333354592323,1
"86","GNK001",12001461,"2010-09-02 18:30:00",0.318333342671394,1
"87","GNK001",12001461,"2010-09-02 19:00:00",0.245000001043081,1
"88","GNK001",12001461,"2010-09-02 19:30:00",0.508333340287209,1
"89","GNK001",12001461,"2010-09-02 20:00:00",0.250000007450581,1
"90","GNK001",12001461,"2010-09-02 20:30:00",0.253333337605,1
"91","GNK001",12001461,"2010-09-02 21:00:00",0.201666669920087,1
"92","GNK001",12001461,"2010-09-02 21:30:00",0.251666666939855,1
"93","GNK001",12001461,"2010-09-02 22:00:00",0.191666666418314,1
"94","GNK001",12001461,"2010-09-02 22:30:00",0.153333334252238,1
"95","GNK001",12001461,"2010-09-02 23:00:00",0.178333338350058,1
"96","GNK001",12001461,"2010-09-02 23:30:00",0.195000004023314,1
"97","GNK001",12001461,"2010-09-03 00:00:00",0.130000000819564,1
"98","GNK001",12001461,"2010-09-03 00:30:00",0.201666671782732,1
"99","GNK001",12001461,"2010-09-03 01:00:00",0.158333333209157,1
"100","GNK001",12001461,"2010-09-03 01:30:00",0.166666673496366,1
"101","GNK001",12001461,"2010-09-03 02:00:00",0.160000000149012,1
"102","GNK001",12001461,"2010-09-03 02:30:00",0.165000002831221,1
"103","GNK001",12001461,"2010-09-03 03:00:00",0.153333334252238,1
"104","GNK001",12001461,"2010-09-03 03:30:00",0.17000000551343,1
"105","GNK001",12001461,"2010-09-03 04:00:00",0.130000000819564,1
"106","GNK001",12001461,"2010-09-03 04:30:00",0.195000004023314,1
"107","GNK001",12001461,"2010-09-03 05:00:00",0.131666669622064,1
"108","GNK001",12001461,"2010-09-03 05:30:00",0.218333333730698,1
"109","GNK001",12001461,"2010-09-03 06:00:00",0.11333333235234,1
"110","GNK001",12001461,"2010-09-03 06:30:00",0.110000000335276,1
"111","GNK001",12001461,"2010-09-03 07:00:00",0.108333333395422,1
"112","GNK001",12001461,"2010-09-03 07:30:00",0.0816666656173766,1
"113","GNK001",12001461,"2010-09-03 08:00:00",0.333333338610828,1
"114","GNK001",12001461,"2010-09-03 08:30:00",0.0816666670143604,1
"115","GNK001",12001461,"2010-09-03 09:00:00",0.136666666716337,1
"116","GNK001",12001461,"2010-09-03 09:30:00",0.136666666716337,1
"117","GNK001",12001461,"2010-09-03 10:00:00",0.136666666716337,1
"118","GNK001",12001461,"2010-09-03 10:30:00",0.128333332017064,1
"119","GNK001",12001461,"2010-09-03 11:00:00",0.136666666716337,1
"120","GNK001",12001461,"2010-09-03 11:30:00",0.134999999776483,1
"121","GNK001",12001461,"2010-09-03 12:00:00",0.138333333656192,1
"122","GNK001",12001461,"2010-09-03 12:30:00",0.136666666716337,1
"123","GNK001",12001461,"2010-09-03 13:00:00",0.134999999776483,1
"124","GNK001",12001461,"2010-09-03 13:30:00",0.138333333656192,1
"125","GNK001",12001461,"2010-09-03 14:00:00",0.136666666716337,1
"126","GNK001",12001461,"2010-09-03 14:30:00",0.131666665896773,1
"127","GNK001",12001461,"2010-09-03 15:00:00",0.133333332836628,1
"128","GNK001",12001461,"2010-09-03 15:30:00",0.134999999776483,1
"129","GNK001",12001461,"2010-09-03 16:00:00",0.134999999776483,1
"130","GNK001",12001461,"2010-09-03 16:30:00",0.138333333656192,1
"131","GNK001",12001461,"2010-09-03 17:00:00",0.134999999776483,1
"132","GNK001",12001461,"2010-09-03 17:30:00",1.06500001251698,1
"133","GNK001",12001461,"2010-09-03 18:00:00",0.361666675657034,1
"134","GNK001",12001461,"2010-09-03 18:30:00",0.623333320021629,1
"135","GNK001",12001461,"2010-09-03 19:00:00",0.175000006332994,1
"136","GNK001",12001461,"2010-09-03 19:30:00",0.449999997392297,1
"137","GNK001",12001461,"2010-09-03 20:00:00",0.234999999403954,1
"138","GNK001",12001461,"2010-09-03 20:30:00",0.185000000521541,1
"139","GNK001",12001461,"2010-09-03 21:00:00",0.231666669249535,1
"140","GNK001",12001461,"2010-09-03 21:30:00",0.133333334699273,1
"141","GNK001",12001461,"2010-09-03 22:00:00",0.195000005885959,1
"142","GNK001",12001461,"2010-09-03 22:30:00",0.141666667535901,1
"143","GNK001",12001461,"2010-09-03 23:00:00",0.185000004246831,1
"144","GNK001",12001461,"2010-09-03 23:30:00",0.140000004321337,1
"145","GNK001",12001461,"2010-09-04 00:00:00",0.18833333812654,1
"146","GNK001",12001461,"2010-09-04 00:30:00",0.141666667535901,1
"147","GNK001",12001461,"2010-09-04 01:00:00",0.18666666932404,1
"148","GNK001",12001461,"2010-09-04 01:30:00",0.128333335742354,1
"149","GNK001",12001461,"2010-09-04 02:00:00",0.198333334177732,1
"150","GNK001",12001461,"2010-09-04 02:30:00",0.134999999776483,1
"151","GNK001",12001461,"2010-09-04 03:00:00",0.176666671410203,1
"152","GNK001",12001461,"2010-09-04 03:30:00",0.153333337977529,1
"153","GNK001",12001461,"2010-09-04 04:00:00",0.143333336338401,1
"154","GNK001",12001461,"2010-09-04 04:30:00",0.183333335444331,1
"155","GNK001",12001461,"2010-09-04 05:00:00",0.133333336561918,1
"156","GNK001",12001461,"2010-09-04 05:30:00",0.163333334028721,1
"157","GNK001",12001461,"2010-09-04 06:00:00",0.116666667163372,1
"158","GNK001",12001461,"2010-09-04 06:30:00",0.0683333342894912,1
"159","GNK001",12001461,"2010-09-04 07:00:00",0.116666665766388,1
"160","GNK001",12001461,"2010-09-04 07:30:00",0.0866666664369404,1
"161","GNK001",12001461,"2010-09-04 08:00:00",0.0783333322033286,1
"162","GNK001",12001461,"2010-09-04 08:30:00",0.125,1
"163","GNK001",12001461,"2010-09-04 09:00:00",0.066666666418314,1
"164","GNK001",12001461,"2010-09-04 09:30:00",0.134999999776483,1
"165","GNK001",12001461,"2010-09-04 10:00:00",0.068333332426846,1
"166","GNK001",12001461,"2010-09-04 10:30:00",0.133333332836628,1
"167","GNK001",12001461,"2010-09-04 11:00:00",0.0949999983422458,1
"168","GNK001",12001461,"2010-09-04 11:30:00",0.104999999981374,1
"169","GNK001",12001461,"2010-09-04 12:00:00",0.129999998956919,1
"170","GNK001",12001461,"2010-09-04 12:30:00",0.129999998956919,1
"171","GNK001",12001461,"2010-09-04 13:00:00",0.128333332017064,1
"172","GNK001",12001461,"2010-09-04 13:30:00",0.128333332017064,1
"173","GNK001",12001461,"2010-09-04 14:00:00",0.129999998956919,1
"174","GNK001",12001461,"2010-09-04 14:30:00",0.129999998956919,1
"175","GNK001",12001461,"2010-09-04 15:00:00",0.131666665896773,1
"176","GNK001",12001461,"2010-09-04 15:30:00",0.129999998956919,1
"177","GNK001",12001461,"2010-09-04 16:00:00",0.129999998956919,1
"178","GNK001",12001461,"2010-09-04 16:30:00",0.129999998956919,1
"179","GNK001",12001461,"2010-09-04 17:00:00",0.128333332017064,1
"180","GNK001",12001461,"2010-09-04 17:30:00",0.243333334103227,1
"181","GNK001",12001461,"2010-09-04 18:00:00",0.53833331912756,1
"182","GNK001",12001461,"2010-09-04 18:30:00",0.556666672229767,1
"183","GNK001",12001461,"2010-09-04 19:00:00",0.58333332836628,1
"184","GNK001",12001461,"2010-09-04 19:30:00",0.338333338499069,1
"185","GNK001",12001461,"2010-09-04 20:00:00",0.268333334475756,1
"186","GNK001",12001461,"2010-09-04 20:30:00",0.311666660010815,1
"187","GNK001",12001461,"2010-09-04 21:00:00",0.221666667610407,1
"188","GNK001",12001461,"2010-09-04 21:30:00",0.191666666418314,1
"189","GNK001",12001461,"2010-09-04 22:00:00",0.188333332538605,1
"190","GNK001",12001461,"2010-09-04 22:30:00",0.188333332538605,1
"191","GNK001",12001461,"2010-09-04 23:00:00",0.133333336561918,1
"192","GNK001",12001461,"2010-09-04 23:30:00",0.195000004023314,1
"193","GNK001",12001461,"2010-09-05 00:00:00",0.12666667252779,1
"194","GNK001",12001461,"2010-09-05 00:30:00",0.196666669100523,1
"195","GNK001",12001461,"2010-09-05 01:00:00",0.141666667535901,1
"196","GNK001",12001461,"2010-09-05 01:30:00",0.180000003427267,1
"197","GNK001",12001461,"2010-09-05 02:00:00",0.140000000596046,1
"198","GNK001",12001461,"2010-09-05 02:30:00",0.185000004246831,1
"199","GNK001",12001461,"2010-09-05 03:00:00",0.133333334699273,1
"200","GNK001",12001461,"2010-09-05 03:30:00",0.191666668280959,1
"201","GNK001",12001461,"2010-09-05 04:00:00",0.131666669622064,1
"202","GNK001",12001461,"2010-09-05 04:30:00",0.178333336487412,1
"203","GNK001",12001461,"2010-09-05 05:00:00",0.150000004097819,1
"204","GNK001",12001461,"2010-09-05 05:30:00",0.131666667759418,1
"205","GNK001",12001461,"2010-09-05 06:00:00",0.183333333581686,1
"206","GNK001",12001461,"2010-09-05 06:30:00",0.138333339244127,1
"207","GNK001",12001461,"2010-09-05 07:00:00",0.138333335518837,1
"208","GNK001",12001461,"2010-09-05 07:30:00",0.186666667461395,1
"209","GNK001",12001461,"2010-09-05 08:00:00",0.115000000223517,1
"210","GNK001",12001461,"2010-09-05 08:30:00",0.116666665766388,1
"211","GNK001",12001461,"2010-09-05 09:00:00",0.0866666664369404,1
"212","GNK001",12001461,"2010-09-05 09:30:00",0.129999998956919,1
"213","GNK001",12001461,"2010-09-05 10:00:00",0.0733333323150873,1
"214","GNK001",12001461,"2010-09-05 10:30:00",0.133333332836628,1
"215","GNK001",12001461,"2010-09-05 11:00:00",0.128333332017064,1
"216","GNK001",12001461,"2010-09-05 11:30:00",0.128333332017064,1
"217","GNK001",12001461,"2010-09-05 12:00:00",0.128333332017064,1
"218","GNK001",12001461,"2010-09-05 12:30:00",0.129999998956919,1
"219","GNK001",12001461,"2010-09-05 13:00:00",0.131666665896773,1
"220","GNK001",12001461,"2010-09-05 13:30:00",0.129999998956919,1
"221","GNK001",12001461,"2010-09-05 14:00:00",0.131666665896773,1
"222","GNK001",12001461,"2010-09-05 14:30:00",0.133333332836628,1
"223","GNK001",12001461,"2010-09-05 15:00:00",0.133333332836628,1
"224","GNK001",12001461,"2010-09-05 15:30:00",0.133333332836628,1
"225","GNK001",12001461,"2010-09-05 16:00:00",0.133333332836628,1
"226","GNK001",12001461,"2010-09-05 16:30:00",0.133333332836628,1
"227","GNK001",12001461,"2010-09-05 17:00:00",0.131666665896773,1
"228","GNK001",12001461,"2010-09-05 17:30:00",0.129999998956919,1
"229","GNK001",12001461,"2010-09-05 18:00:00",0.138333333656192,1
"230","GNK001",12001461,"2010-09-05 18:30:00",0.309999994933605,1
"231","GNK001",12001461,"2010-09-05 19:00:00",0.948333352804184,1
"232","GNK001",12001461,"2010-09-05 19:30:00",0.905000030994415,1
"233","GNK001",12001461,"2010-09-05 20:00:00",0.840000003576279,1
"234","GNK001",12001461,"2010-09-05 20:30:00",0.319999992847443,1
"235","GNK001",12001461,"2010-09-05 21:00:00",0.239999998360872,1
"236","GNK001",12001461,"2010-09-05 21:30:00",0.191666666418314,1
"237","GNK001",12001461,"2010-09-05 22:00:00",0.195000004023314,1
"238","GNK001",12001461,"2010-09-05 22:30:00",0.193333335220814,1
"239","GNK001",12001461,"2010-09-05 23:00:00",0.195000004023314,1
"240","GNK001",12001461,"2010-09-05 23:30:00",0.193333335220814,1
"241","GNK001",12001461,"2010-09-06 00:00:00",0.193333335220814,1
"242","GNK001",12001461,"2010-09-06 00:30:00",0.193333335220814,1
"243","GNK001",12001461,"2010-09-06 01:00:00",0.155000001192093,1
"244","GNK001",12001461,"2010-09-06 01:30:00",0.170000003650784,1
"245","GNK001",12001461,"2010-09-06 02:00:00",0.195000004023314,1
"246","GNK001",12001461,"2010-09-06 02:30:00",0.193333335220814,1
"247","GNK001",12001461,"2010-09-06 03:00:00",0.131666667759418,1
"248","GNK001",12001461,"2010-09-06 03:30:00",0.196666672825813,1
"249","GNK001",12001461,"2010-09-06 04:00:00",0.140000002458692,1
"250","GNK001",12001461,"2010-09-06 04:30:00",0.190000005066395,1
"251","GNK001",12001461,"2010-09-06 05:00:00",1.17166665941477,1
"252","GNK001",12001461,"2010-09-06 05:30:00",0.5,1
"253","GNK001",12001461,"2010-09-06 06:00:00",0.185000000521541,1
"254","GNK001",12001461,"2010-09-06 06:30:00",0.0699999984353781,1
"255","GNK001",12001461,"2010-09-06 07:00:00",0.144999999552965,1
"256","GNK001",12001461,"2010-09-06 07:30:00",0.131666665896773,1
"257","GNK001",12001461,"2010-09-06 08:00:00",0.101666665636003,1
"258","GNK001",12001461,"2010-09-06 08:30:00",0.0983333326876163,1
"259","GNK001",12001461,"2010-09-06 09:00:00",0.133333332836628,1
"260","GNK001",12001461,"2010-09-06 09:30:00",0.129999998956919,1
"261","GNK001",12001461,"2010-09-06 10:00:00",0.131666665896773,1
"262","GNK001",12001461,"2010-09-06 10:30:00",0.131666665896773,1
"263","GNK001",12001461,"2010-09-06 11:00:00",0.133333332836628,1
"264","GNK001",12001461,"2010-09-06 11:30:00",0.134999999776483,1
"265","GNK001",12001461,"2010-09-06 12:00:00",0.134999999776483,1
"266","GNK001",12001461,"2010-09-06 12:30:00",0.173333331942558,1
"267","GNK001",12001461,"2010-09-06 13:00:00",0.139999998733401,1
"268","GNK001",12001461,"2010-09-06 13:30:00",0.134999999776483,1
"269","GNK001",12001461,"2010-09-06 14:00:00",0.136666666716337,1
"270","GNK001",12001461,"2010-09-06 14:30:00",0.136666666716337,1
"271","GNK001",12001461,"2010-09-06 15:00:00",0.134999999776483,1
"272","GNK001",12001461,"2010-09-06 15:30:00",0.136666666716337,1
"273","GNK001",12001461,"2010-09-06 16:00:00",0.136666666716337,1
"274","GNK001",12001461,"2010-09-06 16:30:00",0.136666666716337,1
"275","GNK001",12001461,"2010-09-06 17:00:00",0.134999999776483,1
"276","GNK001",12001461,"2010-09-06 17:30:00",0.133333332836628,1
"277","GNK001",12001461,"2010-09-06 18:00:00",0.133333332836628,1
"278","GNK001",12001461,"2010-09-06 18:30:00",0.169999999925494,1
"279","GNK001",12001461,"2010-09-06 19:00:00",0.678333330899477,1
"280","GNK001",12001461,"2010-09-06 19:30:00",0.634999990463257,1
"281","GNK001",12001461,"2010-09-06 20:00:00",0.653333306312561,1
"282","GNK001",12001461,"2010-09-06 20:30:00",0.649999961256981,1
"283","GNK001",12001461,"2010-09-06 21:00:00",0.533333323895931,1
"284","GNK001",12001461,"2010-09-06 21:30:00",0.294999998062849,1
"285","GNK001",12001461,"2010-09-06 22:00:00",0.213333338499069,1
"286","GNK001",12001461,"2010-09-06 22:30:00",0.195000004023314,1
"287","GNK001",12001461,"2010-09-06 23:00:00",0.191666666418314,1
"288","GNK001",12001461,"2010-09-06 23:30:00",0.191666666418314,1
"289","GNK001",12001461,"2010-09-07 00:00:00",0.191666666418314,1
"290","GNK001",12001461,"2010-09-07 00:30:00",0.191666666418314,1
"291","GNK001",12001461,"2010-09-07 01:00:00",0.191666666418314,1
"292","GNK001",12001461,"2010-09-07 01:30:00",0.189999997615814,1
"293","GNK001",12001461,"2010-09-07 02:00:00",0.191666666418314,1
"294","GNK001",12001461,"2010-09-07 02:30:00",0.189999997615814,1
"295","GNK001",12001461,"2010-09-07 03:00:00",0.189999997615814,1
"296","GNK001",12001461,"2010-09-07 03:30:00",0.116666669026017,1
"297","GNK001",12001461,"2010-09-07 04:00:00",0.198333337903023,1
"298","GNK001",12001461,"2010-09-07 04:30:00",0.189999997615814,1
"299","GNK001",12001461,"2010-09-07 05:00:00",0.186666667461395,1
"300","GNK001",12001461,"2010-09-07 05:30:00",0.138333330862224,1
"301","GNK001",12001461,"2010-09-07 06:00:00",0.170000003650784,1
"302","GNK001",12001461,"2010-09-07 06:30:00",0.0833333330228925,1
"303","GNK001",12001461,"2010-09-07 07:00:00",0.123333332128823,1
"304","GNK001",12001461,"2010-09-07 07:30:00",0.128333332017064,1
"305","GNK001",12001461,"2010-09-07 08:00:00",0.129999998956919,1
"306","GNK001",12001461,"2010-09-07 08:30:00",0.161666665226221,1
"307","GNK001",12001461,"2010-09-07 09:00:00",0.851666672155261,1
"308","GNK001",12001461,"2010-09-07 09:30:00",0.134999999776483,1
"309","GNK001",12001461,"2010-09-07 10:00:00",0.136666666716337,1
"310","GNK001",12001461,"2010-09-07 10:30:00",0.140000000596046,1
"311","GNK001",12001461,"2010-09-07 11:00:00",0.140000000596046,1
"312","GNK001",12001461,"2010-09-07 11:30:00",0.140000000596046,1
"313","GNK001",12001461,"2010-09-07 12:00:00",0.140000000596046,1
"314","GNK001",12001461,"2010-09-07 12:30:00",0.140000000596046,1
"315","GNK001",12001461,"2010-09-07 13:00:00",0.141666667535901,1
"316","GNK001",12001461,"2010-09-07 13:30:00",0.141666667535901,1
"317","GNK001",12001461,"2010-09-07 14:00:00",0.140000000596046,1
"318","GNK001",12001461,"2010-09-07 14:30:00",0.134999999776483,1
"319","GNK001",12001461,"2010-09-07 15:00:00",0.134999999776483,1
"320","GNK001",12001461,"2010-09-07 15:30:00",0.136666666716337,1
"321","GNK001",12001461,"2010-09-07 16:00:00",0.136666666716337,1
"322","GNK001",12001461,"2010-09-07 16:30:00",0.333333348855376,1
"323","GNK001",12001461,"2010-09-07 17:00:00",0.653333321213722,1
"324","GNK001",12001461,"2010-09-07 17:30:00",0.651666671037674,1
"325","GNK001",12001461,"2010-09-07 18:00:00",1.23166670650244,1
"326","GNK001",12001461,"2010-09-07 18:30:00",0.45666666701436,1
"327","GNK001",12001461,"2010-09-07 19:00:00",0.468333326280117,1
"328","GNK001",12001461,"2010-09-07 19:30:00",0.253333337605,1
"329","GNK001",12001461,"2010-09-07 20:00:00",0.253333337605,1
"330","GNK001",12001461,"2010-09-07 20:30:00",0.253333337605,1
"331","GNK001",12001461,"2010-09-07 21:00:00",0.250000007450581,1
"332","GNK001",12001461,"2010-09-07 21:30:00",0.251666661351919,1
"333","GNK001",12001461,"2010-09-07 22:00:00",0.189999997615814,1
"334","GNK001",12001461,"2010-09-07 22:30:00",0.186666667461395,1
"335","GNK001",12001461,"2010-09-07 23:00:00",0.186666667461395,1
"336","GNK001",12001461,"2010-09-07 23:30:00",0.188333332538605,1
"337","GNK001",12001461,"2010-09-08 00:00:00",0.186666667461395,1
"338","GNK001",12001461,"2010-09-08 00:30:00",0.186666667461395,1
"339","GNK001",12001461,"2010-09-08 01:00:00",0.188333332538605,1
"340","GNK001",12001461,"2010-09-08 01:30:00",0.130000002682209,1
"341","GNK001",12001461,"2010-09-08 02:00:00",0.173333337530494,1
"342","GNK001",12001461,"2010-09-08 02:30:00",0.153333336114883,1
"343","GNK001",12001461,"2010-09-08 03:00:00",0.158333338797092,1
"344","GNK001",12001461,"2010-09-08 03:30:00",0.173333337530494,1
"345","GNK001",12001461,"2010-09-08 04:00:00",0.130000002682209,1
"346","GNK001",12001461,"2010-09-08 04:30:00",0.196666669100523,1
"347","GNK001",12001461,"2010-09-08 05:00:00",0.133333336561918,1
"348","GNK001",12001461,"2010-09-08 05:30:00",0.178333334624767,1
"349","GNK001",12001461,"2010-09-08 06:00:00",0.318333335220814,1
"350","GNK001",12001461,"2010-09-08 06:30:00",0.106666666921228,1
"351","GNK001",12001461,"2010-09-08 07:00:00",0.111666664946824,1
"352","GNK001",12001461,"2010-09-08 07:30:00",0.0933333327993751,1
"353","GNK001",12001461,"2010-09-08 08:00:00",0.12999999942258,1
"354","GNK001",12001461,"2010-09-08 08:30:00",0.125,1
"355","GNK001",12001461,"2010-09-08 09:00:00",0.0816666660830379,1
"356","GNK001",12001461,"2010-09-08 09:30:00",0.131666665896773,1
"357","GNK001",12001461,"2010-09-08 10:00:00",0.111666665412486,1
"358","GNK001",12001461,"2010-09-08 10:30:00",0.0933333337306976,1
"359","GNK001",12001461,"2010-09-08 11:00:00",0.131666665896773,1
"360","GNK001",12001461,"2010-09-08 11:30:00",0.649999991059303,1
"361","GNK001",12001461,"2010-09-08 12:00:00",0.326666660606861,1
"362","GNK001",12001461,"2010-09-08 12:30:00",0.141666667535901,1
"363","GNK001",12001461,"2010-09-08 13:00:00",0.141666667535901,1
"364","GNK001",12001461,"2010-09-08 13:30:00",0.141666667535901,1
"365","GNK001",12001461,"2010-09-08 14:00:00",0.14500000141561,1
"366","GNK001",12001461,"2010-09-08 14:30:00",0.134999999776483,1
"367","GNK001",12001461,"2010-09-08 15:00:00",0.136666666716337,1
"368","GNK001",12001461,"2010-09-08 15:30:00",0.134999999776483,1
"369","GNK001",12001461,"2010-09-08 16:00:00",0.133333332836628,1
"370","GNK001",12001461,"2010-09-08 16:30:00",0.7483333311975,1
"371","GNK001",12001461,"2010-09-08 17:00:00",1.09166666865349,1
"372","GNK001",12001461,"2010-09-08 17:30:00",1.35166670382023,1
"373","GNK001",12001461,"2010-09-08 18:00:00",0.476666666567326,1
"374","GNK001",12001461,"2010-09-08 18:30:00",0.206666670739651,1
"375","GNK001",12001461,"2010-09-08 19:00:00",0.234999999403954,1
"376","GNK001",12001461,"2010-09-08 19:30:00",0.141666668467224,1
"377","GNK001",12001461,"2010-09-08 20:00:00",0.190000001341105,1
"378","GNK001",12001461,"2010-09-08 20:30:00",0.188333332538605,1
"379","GNK001",12001461,"2010-09-08 21:00:00",0.156666668131948,1
"380","GNK001",12001461,"2010-09-08 21:30:00",0.16833333671093,1
"381","GNK001",12001461,"2010-09-08 22:00:00",0.196666672825813,1
"382","GNK001",12001461,"2010-09-08 22:30:00",0.169999999925494,1
"383","GNK001",12001461,"2010-09-08 23:00:00",0.153333336114883,1
"384","GNK001",12001461,"2010-09-08 23:30:00",0.196666672825813,1
"385","GNK001",12001461,"2010-09-09 00:00:00",0.140000004321337,1
"386","GNK001",12001461,"2010-09-09 00:30:00",0.18833333440125,1
"387","GNK001",12001461,"2010-09-09 01:00:00",0.195000004023314,1
"388","GNK001",12001461,"2010-09-09 01:30:00",0.133333334699273,1
"389","GNK001",12001461,"2010-09-09 02:00:00",0.196666672825813,1
"390","GNK001",12001461,"2010-09-09 02:30:00",0.1266666688025,1
"391","GNK001",12001461,"2010-09-09 03:00:00",0.198333334177732,1
"392","GNK001",12001461,"2010-09-09 03:30:00",0.128333333879709,1
"393","GNK001",12001461,"2010-09-09 04:00:00",0.196666672825813,1
"394","GNK001",12001461,"2010-09-09 04:30:00",0.128333333879709,1
"395","GNK001",12001461,"2010-09-09 05:00:00",0.195000004023314,1
"396","GNK001",12001461,"2010-09-09 05:30:00",0.160000002011657,1
"397","GNK001",12001461,"2010-09-09 06:00:00",0.128333331085742,1
"398","GNK001",12001461,"2010-09-09 06:30:00",0.0933333337306976,1
"399","GNK001",12001461,"2010-09-09 07:00:00",0.0983333336189389,1
"400","GNK001",12001461,"2010-09-09 07:30:00",0.118333334568888,1
"401","GNK001",12001461,"2010-09-09 08:00:00",0.0849999990314245,1
"402","GNK001",12001461,"2010-09-09 08:30:00",0.116666666232049,1
"403","GNK001",12001461,"2010-09-09 09:00:00",0.131666665896773,1
"404","GNK001",12001461,"2010-09-09 09:30:00",0.0849999985657632,1
"405","GNK001",12001461,"2010-09-09 10:00:00",0.120000000111759,1
"406","GNK001",12001461,"2010-09-09 10:30:00",0.133333332836628,1
"407","GNK001",12001461,"2010-09-09 11:00:00",0.133333332836628,1
"408","GNK001",12001461,"2010-09-09 11:30:00",0.131666665896773,1
"409","GNK001",12001461,"2010-09-09 12:00:00",0.131666665896773,1
"410","GNK001",12001461,"2010-09-09 12:30:00",0.133333332836628,1
"411","GNK001",12001461,"2010-09-09 13:00:00",0.136666666716337,1
"412","GNK001",12001461,"2010-09-09 13:30:00",0.146666668355465,1
"413","GNK001",12001461,"2010-09-09 14:00:00",0.143333334475756,1
"414","GNK001",12001461,"2010-09-09 14:30:00",0.143333334475756,1
"415","GNK001",12001461,"2010-09-09 15:00:00",0.140000000596046,1
"416","GNK001",12001461,"2010-09-09 15:30:00",0.140000000596046,1
"417","GNK001",12001461,"2010-09-09 16:00:00",0.136666666716337,1
"418","GNK001",12001461,"2010-09-09 16:30:00",0.155000001192093,1
"419","GNK001",12001461,"2010-09-09 17:00:00",1.16333329677582,1
"420","GNK001",12001461,"2010-09-09 17:30:00",1.69833335280418,1
"421","GNK001",12001461,"2010-09-09 18:00:00",0.805000000516884,1
"422","GNK001",12001461,"2010-09-09 18:30:00",0.0666666654869914,1
"423","GNK001",12001461,"2010-09-09 19:00:00",0.131666667759418,1
"424","GNK001",12001461,"2010-09-09 19:30:00",0.156666669994593,1
"425","GNK001",12001461,"2010-09-09 20:00:00",0.1233333311975,1
"426","GNK001",12001461,"2010-09-09 20:30:00",0.121666664257646,1
"427","GNK001",12001461,"2010-09-09 21:00:00",0.1233333311975,1
"428","GNK001",12001461,"2010-09-09 21:30:00",0.114999996498227,1
"429","GNK001",12001461,"2010-09-09 22:00:00",0.0616666655987501,1
"430","GNK001",12001461,"2010-09-09 22:30:00",0.0616666655987501,1
"431","GNK001",12001461,"2010-09-09 23:00:00",0.0633333325386047,1
"432","GNK001",12001461,"2010-09-09 23:30:00",0.0616666655987501,1
"433","GNK001",12001461,"2010-09-10 00:00:00",0.0616666655987501,1
"434","GNK001",12001461,"2010-09-10 00:30:00",0.0616666655987501,1
"435","GNK001",12001461,"2010-09-10 01:00:00",0.0633333325386047,1
"436","GNK001",12001461,"2010-09-10 01:30:00",0.0616666655987501,1
"437","GNK001",12001461,"2010-09-10 02:00:00",0.0633333325386047,1
"438","GNK001",12001461,"2010-09-10 02:30:00",0.0616666655987501,1
"439","GNK001",12001461,"2010-09-10 03:00:00",0.0633333325386047,1
"440","GNK001",12001461,"2010-09-10 03:30:00",0.0633333325386047,1
"441","GNK001",12001461,"2010-09-10 04:00:00",0.0633333325386047,1
"442","GNK001",12001461,"2010-09-10 04:30:00",0.0616666655987501,1
"443","GNK001",12001461,"2010-09-10 05:00:00",0.0683333333581686,1
"444","GNK001",12001461,"2010-09-10 05:30:00",0.141666664741933,1
"445","GNK001",12001461,"2010-09-10 06:00:00",0.798333326005377,1
"446","GNK001",12001461,"2010-09-10 06:30:00",0.00999999954365194,1
"447","GNK001",12001461,"2010-09-10 07:00:00",0.00833333295304328,1
"448","GNK001",12001461,"2010-09-10 07:30:00",0.00833333295304328,1
"449","GNK001",12001461,"2010-09-10 08:00:00",0.00666666636243463,1
"450","GNK001",12001461,"2010-09-10 08:30:00",0.00166666659060866,1
"451","GNK001",12001461,"2010-09-10 09:00:00",0.00166666659060866,1
"452","GNK001",12001461,"2010-09-10 09:30:00",0,1
"453","GNK001",12001461,"2010-09-10 10:00:00",0.00166666659060866,1
"454","GNK001",12001461,"2010-09-10 10:30:00",0.00166666659060866,1
"455","GNK001",12001461,"2010-09-10 11:00:00",0.00166666659060866,1
"456","GNK001",12001461,"2010-09-10 11:30:00",0.00666666636243463,1
"457","GNK001",12001461,"2010-09-10 12:00:00",0.133333338075317,1
"458","GNK001",12001461,"2010-09-10 12:30:00",0.185000002384186,1
"459","GNK001",12001461,"2010-09-10 13:00:00",0.170000003650784,1
"460","GNK001",12001461,"2010-09-10 13:30:00",0.163333330303431,1
"461","GNK001",12001461,"2010-09-10 14:00:00",0.156666662544012,1
"462","GNK001",12001461,"2010-09-10 14:30:00",0.150000002235174,1
"463","GNK001",12001461,"2010-09-10 15:00:00",0.146666668355465,1
"464","GNK001",12001461,"2010-09-10 15:30:00",0.146666668355465,1
"465","GNK001",12001461,"2010-09-10 16:00:00",0.14500000141561,1
"466","GNK001",12001461,"2010-09-10 16:30:00",0.150000002235174,1
"467","GNK001",12001461,"2010-09-10 17:00:00",0.151666667312384,1
"468","GNK001",12001461,"2010-09-10 17:30:00",0.88999997638166,1
"469","GNK001",12001461,"2010-09-10 18:00:00",0.703333333134651,1
"470","GNK001",12001461,"2010-09-10 18:30:00",0.476666666567326,1
"471","GNK001",12001461,"2010-09-10 19:00:00",0.236666668206453,1
"472","GNK001",12001461,"2010-09-10 19:30:00",0.261666666716337,1
"473","GNK001",12001461,"2010-09-10 20:00:00",0.264999996870756,1
"474","GNK001",12001461,"2010-09-10 20:30:00",0.263333335518837,1
"475","GNK001",12001461,"2010-09-10 21:00:00",0.251666665077209,1
"476","GNK001",12001461,"2010-09-10 21:30:00",0.261666666716337,1
"477","GNK001",12001461,"2010-09-10 22:00:00",0.196666672825813,1
"478","GNK001",12001461,"2010-09-10 22:30:00",0.196666672825813,1
"479","GNK001",12001461,"2010-09-10 23:00:00",0.196666672825813,1
"480","GNK001",12001461,"2010-09-10 23:30:00",0.196666672825813,1
"481","GNK001",12001461,"2010-09-11 00:00:00",0.195000004023314,1
"482","GNK001",12001461,"2010-09-11 00:30:00",0.196666672825813,1
"483","GNK001",12001461,"2010-09-11 01:00:00",0.195000004023314,1
"484","GNK001",12001461,"2010-09-11 01:30:00",0.193333335220814,1
"485","GNK001",12001461,"2010-09-11 02:00:00",0.191666666418314,1
"486","GNK001",12001461,"2010-09-11 02:30:00",0.191666666418314,1
"487","GNK001",12001461,"2010-09-11 03:00:00",0.191666666418314,1
"488","GNK001",12001461,"2010-09-11 03:30:00",0.191666666418314,1
"489","GNK001",12001461,"2010-09-11 04:00:00",0.189999997615814,1
"490","GNK001",12001461,"2010-09-11 04:30:00",0.188333332538605,1
"491","GNK001",12001461,"2010-09-11 05:00:00",0.188333332538605,1
"492","GNK001",12001461,"2010-09-11 05:30:00",0.156666668131948,1
"493","GNK001",12001461,"2010-09-11 06:00:00",0.128333332017064,1
"494","GNK001",12001461,"2010-09-11 06:30:00",0.0749999983236194,1
"495","GNK001",12001461,"2010-09-11 07:00:00",0.118333332706243,1
"496","GNK001",12001461,"2010-09-11 07:30:00",0.0733333332464099,1
"497","GNK001",12001461,"2010-09-11 08:00:00",0.131666665896773,1
"498","GNK001",12001461,"2010-09-11 08:30:00",0.0966666657477617,1
"499","GNK001",12001461,"2010-09-11 09:00:00",0.110000000335276,1
"500","GNK001",12001461,"2010-09-11 09:30:00",0.131666665896773,1
"501","GNK001",12001461,"2010-09-11 10:00:00",0.129999998956919,1
"502","GNK001",12001461,"2010-09-11 10:30:00",0.129999998956919,1
"503","GNK001",12001461,"2010-09-11 11:00:00",0.133333332836628,1
"504","GNK001",12001461,"2010-09-11 11:30:00",0.131666665896773,1
"505","GNK001",12001461,"2010-09-11 12:00:00",0.0516666659386829,1
"506","GNK001",12001461,"2010-09-11 12:30:00",0.0616666676942259,1
"507","GNK001",12001461,"2010-09-11 13:00:00",0.143333332613111,1
"508","GNK001",12001461,"2010-09-11 13:30:00",0.134999999776483,1
"509","GNK001",12001461,"2010-09-11 14:00:00",0.138333333656192,1
"510","GNK001",12001461,"2010-09-11 14:30:00",0.140000000596046,1
"511","GNK001",12001461,"2010-09-11 15:00:00",0.138333333656192,1
"512","GNK001",12001461,"2010-09-11 15:30:00",0.133333332836628,1
"513","GNK001",12001461,"2010-09-11 16:00:00",0.315000005066395,1
"514","GNK001",12001461,"2010-09-11 16:30:00",0.134999999776483,1
"515","GNK001",12001461,"2010-09-11 17:00:00",0.134999999776483,1
"516","GNK001",12001461,"2010-09-11 17:30:00",0.134999999776483,1
"517","GNK001",12001461,"2010-09-11 18:00:00",0.143333332613111,1
"518","GNK001",12001461,"2010-09-11 18:30:00",0.155000004917383,1
"519","GNK001",12001461,"2010-09-11 19:00:00",0.175000000745058,1
"520","GNK001",12001461,"2010-09-11 19:30:00",0.206666670739651,1
"521","GNK001",12001461,"2010-09-11 20:00:00",0.173333339393139,1
"522","GNK001",12001461,"2010-09-11 20:30:00",0.165000000968575,1
"523","GNK001",12001461,"2010-09-11 21:00:00",0.200000006705523,1
"524","GNK001",12001461,"2010-09-11 21:30:00",0.136666670441628,1
"525","GNK001",12001461,"2010-09-11 22:00:00",0.205000005662441,1
"526","GNK001",12001461,"2010-09-11 22:30:00",0.160000005736947,1
"527","GNK001",12001461,"2010-09-11 23:00:00",0.171666670590639,1
"528","GNK001",12001461,"2010-09-11 23:30:00",0.190000001341105,1
"529","GNK001",12001461,"2010-09-12 00:00:00",0.188333332538605,1
"530","GNK001",12001461,"2010-09-12 00:30:00",0.163333334028721,1
"531","GNK001",12001461,"2010-09-12 01:00:00",0.161666670814157,1
"532","GNK001",12001461,"2010-09-12 01:30:00",0.191666666418314,1
"533","GNK001",12001461,"2010-09-12 02:00:00",0.131666669622064,1
"534","GNK001",12001461,"2010-09-12 02:30:00",0.178333338350058,1
"535","GNK001",12001461,"2010-09-12 03:00:00",0.153333337977529,1
"536","GNK001",12001461,"2010-09-12 03:30:00",0.135000001639128,1
"537","GNK001",12001461,"2010-09-12 04:00:00",0.19000000692904,1
"538","GNK001",12001461,"2010-09-12 04:30:00",0.136666670441628,1
"539","GNK001",12001461,"2010-09-12 05:00:00",0.146666672080755,1
"540","GNK001",12001461,"2010-09-12 05:30:00",0.143333336338401,1
"541","GNK001",12001461,"2010-09-12 06:00:00",0.0749999997206032,1
"542","GNK001",12001461,"2010-09-12 06:30:00",0.0883333333767951,1
"543","GNK001",12001461,"2010-09-12 07:00:00",0.121666666585952,1
"544","GNK001",12001461,"2010-09-12 07:30:00",0.0749999997206032,1
"545","GNK001",12001461,"2010-09-12 08:00:00",0.784999979659915,1
"546","GNK001",12001461,"2010-09-12 08:30:00",0.103333332575858,1
"547","GNK001",12001461,"2010-09-12 09:00:00",0.0749999992549419,1
"548","GNK001",12001461,"2010-09-12 09:30:00",0.141666667535901,1
"549","GNK001",12001461,"2010-09-12 10:00:00",0.0766666643321514,1
"550","GNK001",12001461,"2010-09-12 10:30:00",0.141666667535901,1
"551","GNK001",12001461,"2010-09-12 11:00:00",0.136666666716337,1
"552","GNK001",12001461,"2010-09-12 11:30:00",0.0699999993667006,1
"553","GNK001",12001461,"2010-09-12 12:00:00",0.146666668355465,1
"554","GNK001",12001461,"2010-09-12 12:30:00",0.140000000596046,1
"555","GNK001",12001461,"2010-09-12 13:00:00",0.138333333656192,1
"556","GNK001",12001461,"2010-09-12 13:30:00",0.140000000596046,1
"557","GNK001",12001461,"2010-09-12 14:00:00",0.140000000596046,1
"558","GNK001",12001461,"2010-09-12 14:30:00",0.141666667535901,1
"559","GNK001",12001461,"2010-09-12 15:00:00",0.140000000596046,1
"560","GNK001",12001461,"2010-09-12 15:30:00",0.140000000596046,1
"561","GNK001",12001461,"2010-09-12 16:00:00",0.140000000596046,1
"562","GNK001",12001461,"2010-09-12 16:30:00",0.143333334475756,1
"563","GNK001",12001461,"2010-09-12 17:00:00",0.931666664779186,1
"564","GNK001",12001461,"2010-09-12 17:30:00",0.520000003278255,1
"565","GNK001",12001461,"2010-09-12 18:00:00",0.948333345353603,1
"566","GNK001",12001461,"2010-09-12 18:30:00",1.04000000655651,1
"567","GNK001",12001461,"2010-09-12 19:00:00",1.21666666865349,1
"568","GNK001",12001461,"2010-09-12 19:30:00",0.618333324790001,1
"569","GNK001",12001461,"2010-09-12 20:00:00",0.381666660308838,1
"570","GNK001",12001461,"2010-09-12 20:30:00",0.205000005662441,1
"571","GNK001",12001461,"2010-09-12 21:00:00",0.256666671484709,1
"572","GNK001",12001461,"2010-09-12 21:30:00",0.258333329111338,1
"573","GNK001",12001461,"2010-09-12 22:00:00",0.18833333440125,1
"574","GNK001",12001461,"2010-09-12 22:30:00",0.130000004544854,1
"575","GNK001",12001461,"2010-09-12 23:00:00",0.195000004023314,1
"576","GNK001",12001461,"2010-09-12 23:30:00",0.178333332762122,1
"577","GNK001",12001461,"2010-09-13 00:00:00",0.150000004097819,1
"578","GNK001",12001461,"2010-09-13 00:30:00",0.193333335220814,1
"579","GNK001",12001461,"2010-09-13 01:00:00",0.130000002682209,1
"580","GNK001",12001461,"2010-09-13 01:30:00",0.196666669100523,1
"581","GNK001",12001461,"2010-09-13 02:00:00",0.133333334699273,1
"582","GNK001",12001461,"2010-09-13 02:30:00",0.193333337083459,1
"583","GNK001",12001461,"2010-09-13 03:00:00",0.140000004321337,1
"584","GNK001",12001461,"2010-09-13 03:30:00",0.188333336263895,1
"585","GNK001",12001461,"2010-09-13 04:00:00",0.135000001639128,1
"586","GNK001",12001461,"2010-09-13 04:30:00",0.19000000320375,1
"587","GNK001",12001461,"2010-09-13 05:00:00",0.131666668690741,1
"588","GNK001",12001461,"2010-09-13 05:30:00",0.126666664145887,1
"589","GNK001",12001461,"2010-09-13 06:00:00",0.095000000204891,1
"590","GNK001",12001461,"2010-09-13 06:30:00",0.0749999998370185,1
"591","GNK001",12001461,"2010-09-13 07:00:00",0.00833333295304328,1
"592","GNK001",12001461,"2010-09-13 07:30:00",0.00833333295304328,1
"593","GNK001",12001461,"2010-09-13 08:00:00",0.00499999977182597,1
"594","GNK001",12001461,"2010-09-13 08:30:00",0.400000000023283,1
"595","GNK001",12001461,"2010-09-13 09:00:00",0.776666674064472,1
"596","GNK001",12001461,"2010-09-13 09:30:00",0.00499999977182597,1
"597","GNK001",12001461,"2010-09-13 10:00:00",0.00166666659060866,1
"598","GNK001",12001461,"2010-09-13 10:30:00",0.00166666659060866,1
"599","GNK001",12001461,"2010-09-13 11:00:00",0.00166666659060866,1
"600","GNK001",12001461,"2010-09-13 11:30:00",0.00166666659060866,1
"601","GNK001",12001461,"2010-09-13 12:00:00",0.00499999977182597,1
"602","GNK001",12001461,"2010-09-13 12:30:00",0.00833333295304328,1
"603","GNK001",12001461,"2010-09-13 13:00:00",0.00666666636243463,1
"604","GNK001",12001461,"2010-09-13 13:30:00",0.00166666659060866,1
"605","GNK001",12001461,"2010-09-13 14:00:00",0.00166666659060866,1
"606","GNK001",12001461,"2010-09-13 14:30:00",0.00249999988591298,1
"607","GNK001",12001461,"2010-09-13 15:00:00",0.00166666659060866,1
"608","GNK001",12001461,"2010-09-13 15:30:00",0.00166666659060866,1
"609","GNK001",12001461,"2010-09-13 16:00:00",0.00166666659060866,1
"610","GNK001",12001461,"2010-09-13 16:30:00",0.0633333349833265,1
"611","GNK001",12001461,"2010-09-13 17:00:00",0.181666672229767,1
"612","GNK001",12001461,"2010-09-13 17:30:00",0.168333334848285,1
"613","GNK001",12001461,"2010-09-13 18:00:00",0.501666691154242,1
"614","GNK001",12001461,"2010-09-13 18:30:00",1.24833329021931,1
"615","GNK001",12001461,"2010-09-13 19:00:00",0.543333329260349,1
"616","GNK001",12001461,"2010-09-13 19:30:00",0.624999992549419,1
"617","GNK001",12001461,"2010-09-13 20:00:00",0.265000004321337,1
"618","GNK001",12001461,"2010-09-13 20:30:00",0.263333331793547,1
"619","GNK001",12001461,"2010-09-13 21:00:00",0.261666666716337,1
"620","GNK001",12001461,"2010-09-13 21:30:00",0.279999997466803,1
"621","GNK001",12001461,"2010-09-13 22:00:00",0.235000003129244,1
"622","GNK001",12001461,"2010-09-13 22:30:00",0.198333341628313,1
"623","GNK001",12001461,"2010-09-13 23:00:00",0.196666672825813,1
"624","GNK001",12001461,"2010-09-13 23:30:00",0.196666672825813,1
"625","GNK001",12001461,"2010-09-14 00:00:00",0.198333341628313,1
"626","GNK001",12001461,"2010-09-14 00:30:00",0.198333341628313,1
"627","GNK001",12001461,"2010-09-14 01:00:00",0.196666672825813,1
"628","GNK001",12001461,"2010-09-14 01:30:00",0.196666672825813,1
"629","GNK001",12001461,"2010-09-14 02:00:00",0.193333335220814,1
"630","GNK001",12001461,"2010-09-14 02:30:00",0.193333335220814,1
"631","GNK001",12001461,"2010-09-14 03:00:00",0.195000004023314,1
"632","GNK001",12001461,"2010-09-14 03:30:00",0.191666666418314,1
"633","GNK001",12001461,"2010-09-14 04:00:00",0.191666666418314,1
"634","GNK001",12001461,"2010-09-14 04:30:00",0.898333329707384,1
"635","GNK001",12001461,"2010-09-14 05:00:00",0.271666664630175,1
"636","GNK001",12001461,"2010-09-14 05:30:00",0.150000000372529,1
"637","GNK001",12001461,"2010-09-14 06:00:00",0.0833333348855376,1
"638","GNK001",12001461,"2010-09-14 06:30:00",0.134999999776483,1
"639","GNK001",12001461,"2010-09-14 07:00:00",0.0766666661947966,1
"640","GNK001",12001461,"2010-09-14 07:30:00",0.136666666716337,1
"641","GNK001",12001461,"2010-09-14 08:00:00",0.091666666790843,1
"642","GNK001",12001461,"2010-09-14 08:30:00",0.116666668094695,1
"643","GNK001",12001461,"2010-09-14 09:00:00",0.133333332836628,1
"644","GNK001",12001461,"2010-09-14 09:30:00",0.133333332836628,1
"645","GNK001",12001461,"2010-09-14 10:00:00",0.131666665896773,1
"646","GNK001",12001461,"2010-09-14 10:30:00",0.133333332836628,1
"647","GNK001",12001461,"2010-09-14 11:00:00",0.136666666716337,1
"648","GNK001",12001461,"2010-09-14 11:30:00",0.138333333656192,1
"649","GNK001",12001461,"2010-09-14 12:00:00",0.140000000596046,1
"650","GNK001",12001461,"2010-09-14 12:30:00",0.140000000596046,1
"651","GNK001",12001461,"2010-09-14 13:00:00",0.140000000596046,1
"652","GNK001",12001461,"2010-09-14 13:30:00",0.140000000596046,1
"653","GNK001",12001461,"2010-09-14 14:00:00",0.140000000596046,1
"654","GNK001",12001461,"2010-09-14 14:30:00",0.140000000596046,1
"655","GNK001",12001461,"2010-09-14 15:00:00",0.141666667535901,1
"656","GNK001",12001461,"2010-09-14 15:30:00",0.140000000596046,1
"657","GNK001",12001461,"2010-09-14 16:00:00",0.138333333656192,1
"658","GNK001",12001461,"2010-09-14 16:30:00",0.140000000596046,1
"659","GNK001",12001461,"2010-09-14 17:00:00",0.140000000596046,1
"660","GNK001",12001461,"2010-09-14 17:30:00",0.138333333656192,1
"661","GNK001",12001461,"2010-09-14 18:00:00",0.139999998733401,1
"662","GNK001",12001461,"2010-09-14 18:30:00",0.173333328217268,1
"663","GNK001",12001461,"2010-09-14 19:00:00",0.511666666716337,1
"664","GNK001",12001461,"2010-09-14 19:30:00",0.216666661202908,1
"665","GNK001",12001461,"2010-09-14 20:00:00",0.218333326280117,1
"666","GNK001",12001461,"2010-09-14 20:30:00",0.241666667163372,1
"667","GNK001",12001461,"2010-09-14 21:00:00",0.25166667252779,1
"668","GNK001",12001461,"2010-09-14 21:30:00",0.258333332836628,1
"669","GNK001",12001461,"2010-09-14 22:00:00",0.191666666418314,1
"670","GNK001",12001461,"2010-09-14 22:30:00",0.191666666418314,1
"671","GNK001",12001461,"2010-09-14 23:00:00",0.195000004023314,1
"672","GNK001",12001461,"2010-09-14 23:30:00",0.191666666418314,1
"673","GNK001",12001461,"2010-09-15 00:00:00",0.123333336785436,1
"674","GNK001",12001461,"2010-09-15 00:30:00",0.205000005662441,1
"675","GNK001",12001461,"2010-09-15 01:00:00",0.191666666418314,1
"676","GNK001",12001461,"2010-09-15 01:30:00",0.133333338424563,1
"677","GNK001",12001461,"2010-09-15 02:00:00",0.196666669100523,1
"678","GNK001",12001461,"2010-09-15 02:30:00",0.130000000819564,1
"679","GNK001",12001461,"2010-09-15 03:00:00",0.200000006705523,1
"680","GNK001",12001461,"2010-09-15 03:30:00",0.143333334475756,1
"681","GNK001",12001461,"2010-09-15 04:00:00",0.183333339169621,1
"682","GNK001",12001461,"2010-09-15 04:30:00",0.128333335742354,1
"683","GNK001",12001461,"2010-09-15 05:00:00",0.205000001937151,1
"684","GNK001",12001461,"2010-09-15 05:30:00",0.0816666665486991,1
"685","GNK001",12001461,"2010-09-15 06:00:00",0.118333332240582,1
"686","GNK001",12001461,"2010-09-15 06:30:00",0.0833333325572312,1
"687","GNK001",12001461,"2010-09-15 07:00:00",0.114999999292195,1
"688","GNK001",12001461,"2010-09-15 07:30:00",0.0883333329111338,1
"689","GNK001",12001461,"2010-09-15 08:00:00",0.129999998956919,1
"690","GNK001",12001461,"2010-09-15 08:30:00",0.0766666666604578,1
"691","GNK001",12001461,"2010-09-15 09:00:00",0.131666665896773,1
"692","GNK001",12001461,"2010-09-15 09:30:00",0.128333332017064,1
"693","GNK001",12001461,"2010-09-15 10:00:00",0.126666665077209,1
"694","GNK001",12001461,"2010-09-15 10:30:00",0.129999998956919,1
"695","GNK001",12001461,"2010-09-15 11:00:00",0.129999998956919,1
"696","GNK001",12001461,"2010-09-15 11:30:00",0.131666665896773,1
"697","GNK001",12001461,"2010-09-15 12:00:00",0.131666665896773,1
"698","GNK001",12001461,"2010-09-15 12:30:00",0.134999999776483,1
"699","GNK001",12001461,"2010-09-15 13:00:00",0.134999999776483,1
"700","GNK001",12001461,"2010-09-15 13:30:00",0.136666666716337,1
"701","GNK001",12001461,"2010-09-15 14:00:00",0.136666666716337,1
"702","GNK001",12001461,"2010-09-15 14:30:00",0.138333333656192,1
"703","GNK001",12001461,"2010-09-15 15:00:00",0.136666666716337,1
"704","GNK001",12001461,"2010-09-15 15:30:00",0.136666666716337,1
"705","GNK001",12001461,"2010-09-15 16:00:00",0.136666666716337,1
"706","GNK001",12001461,"2010-09-15 16:30:00",0.388333341106772,1
"707","GNK001",12001461,"2010-09-15 17:00:00",0.540000006556511,1
"708","GNK001",12001461,"2010-09-15 17:30:00",0.795000016689301,1
"709","GNK001",12001461,"2010-09-15 18:00:00",1.10166667401791,1
"710","GNK001",12001461,"2010-09-15 18:30:00",0.496666677296162,1
"711","GNK001",12001461,"2010-09-15 19:00:00",0.253333333879709,1
"712","GNK001",12001461,"2010-09-15 19:30:00",0.506666656583548,1
"713","GNK001",12001461,"2010-09-15 20:00:00",0.255000002682209,1
"714","GNK001",12001461,"2010-09-15 20:30:00",0.25166667252779,1
"715","GNK001",12001461,"2010-09-15 21:00:00",0.25000000372529,1
"716","GNK001",12001461,"2010-09-15 21:30:00",0.266666661947966,1
"717","GNK001",12001461,"2010-09-15 22:00:00",0.193333335220814,1
"718","GNK001",12001461,"2010-09-15 22:30:00",0.193333335220814,1
"719","GNK001",12001461,"2010-09-15 23:00:00",0.191666666418314,1
"720","GNK001",12001461,"2010-09-15 23:30:00",0.183333333581686,1
"721","GNK001",12001461,"2010-09-16 00:00:00",0.140000004321337,1
"722","GNK001",12001461,"2010-09-16 00:30:00",0.200000006705523,1
"723","GNK001",12001461,"2010-09-16 01:00:00",0.193333335220814,1
"724","GNK001",12001461,"2010-09-16 01:30:00",0.189999997615814,1
"725","GNK001",12001461,"2010-09-16 02:00:00",0.189999997615814,1
"726","GNK001",12001461,"2010-09-16 02:30:00",0.188333332538605,1
"727","GNK001",12001461,"2010-09-16 03:00:00",0.133333334699273,1
"728","GNK001",12001461,"2010-09-16 03:30:00",0.195000000298023,1
"729","GNK001",12001461,"2010-09-16 04:00:00",0.166666666045785,1
"730","GNK001",12001461,"2010-09-16 04:30:00",0.156666669994593,1
"731","GNK001",12001461,"2010-09-16 05:00:00",0.198333334177732,1
"732","GNK001",12001461,"2010-09-16 05:30:00",0.136666669510305,1
"733","GNK001",12001461,"2010-09-16 06:00:00",0.128333332017064,1
"734","GNK001",12001461,"2010-09-16 06:30:00",0.0699999993667006,1
"735","GNK001",12001461,"2010-09-16 07:00:00",0.0483333328738809,1
"736","GNK001",12001461,"2010-09-16 07:30:00",0.00166666659060866,1
"737","GNK001",12001461,"2010-09-16 08:00:00",0.00166666659060866,1
"738","GNK001",12001461,"2010-09-16 08:30:00",0.00166666659060866,1
"739","GNK001",12001461,"2010-09-16 09:00:00",0.00166666659060866,1
"740","GNK001",12001461,"2010-09-16 09:30:00",0.00166666659060866,1
"741","GNK001",12001461,"2010-09-16 10:00:00",0.00166666659060866,1
"742","GNK001",12001461,"2010-09-16 10:30:00",0.00166666659060866,1
"743","GNK001",12001461,"2010-09-16 11:00:00",0.00166666659060866,1
"744","GNK001",12001461,"2010-09-16 11:30:00",0.00166666659060866,1
"745","GNK001",12001461,"2010-09-16 12:00:00",0.00166666659060866,1
"746","GNK001",12001461,"2010-09-16 12:30:00",0.00166666659060866,1
"747","GNK001",12001461,"2010-09-16 13:00:00",0.00166666659060866,1
"748","GNK001",12001461,"2010-09-16 13:30:00",0.00166666659060866,1
"749","GNK001",12001461,"2010-09-16 14:00:00",0.00166666659060866,1
"750","GNK001",12001461,"2010-09-16 14:30:00",0.00166666659060866,1
"751","GNK001",12001461,"2010-09-16 15:00:00",0.00166666659060866,1
"752","GNK001",12001461,"2010-09-16 15:30:00",0.00166666659060866,1
"753","GNK001",12001461,"2010-09-16 16:00:00",0.00166666659060866,1
"754","GNK001",12001461,"2010-09-16 16:30:00",0.00166666659060866,1
"755","GNK001",12001461,"2010-09-16 17:00:00",0.0116666663670912,1
"756","GNK001",12001461,"2010-09-16 17:30:00",1.02166666090488,1
"757","GNK001",12001461,"2010-09-16 18:00:00",1.01833334565163,1
"758","GNK001",12001461,"2010-09-16 18:30:00",1.25999999046326,1
"759","GNK001",12001461,"2010-09-16 19:00:00",0.695000007748604,1
"760","GNK001",12001461,"2010-09-16 19:30:00",0.846666671335697,1
"761","GNK001",12001461,"2010-09-16 20:00:00",0.285000007599592,1
"762","GNK001",12001461,"2010-09-16 20:30:00",0.266666673123837,1
"763","GNK001",12001461,"2010-09-16 21:00:00",0.256666671484709,1
"764","GNK001",12001461,"2010-09-16 21:30:00",0.205000005662441,1
"765","GNK001",12001461,"2010-09-16 22:00:00",0.203333340585232,1
"766","GNK001",12001461,"2010-09-16 22:30:00",0.203333340585232,1
"767","GNK001",12001461,"2010-09-16 23:00:00",0.203333340585232,1
"768","GNK001",12001461,"2010-09-16 23:30:00",0.198333341628313,1
"769","GNK001",12001461,"2010-09-17 00:00:00",0.196666672825813,1
"770","GNK001",12001461,"2010-09-17 00:30:00",0.196666672825813,1
"771","GNK001",12001461,"2010-09-17 01:00:00",0.195000004023314,1
"772","GNK001",12001461,"2010-09-17 01:30:00",0.193333335220814,1
"773","GNK001",12001461,"2010-09-17 02:00:00",0.189999997615814,1
"774","GNK001",12001461,"2010-09-17 02:30:00",0.189999997615814,1
"775","GNK001",12001461,"2010-09-17 03:00:00",0.189999997615814,1
"776","GNK001",12001461,"2010-09-17 03:30:00",0.189999997615814,1
"777","GNK001",12001461,"2010-09-17 04:00:00",0.186666667461395,1
"778","GNK001",12001461,"2010-09-17 04:30:00",0.188333332538605,1
"779","GNK001",12001461,"2010-09-17 05:00:00",0.185000002384186,1
"780","GNK001",12001461,"2010-09-17 05:30:00",0.144999999552965,1
"781","GNK001",12001461,"2010-09-17 06:00:00",0.128333332017064,1
"782","GNK001",12001461,"2010-09-17 06:30:00",0.124999998137355,1
"783","GNK001",12001461,"2010-09-17 07:00:00",0.126666665077209,1
"784","GNK001",12001461,"2010-09-17 07:30:00",0.124999998137355,1
"785","GNK001",12001461,"2010-09-17 08:00:00",0.1233333311975,1
"786","GNK001",12001461,"2010-09-17 08:30:00",0.126666665077209,1
"787","GNK001",12001461,"2010-09-17 09:00:00",0.126666665077209,1
"788","GNK001",12001461,"2010-09-17 09:30:00",0.124999998137355,1
"789","GNK001",12001461,"2010-09-17 10:00:00",0.124999998137355,1
"790","GNK001",12001461,"2010-09-17 10:30:00",0.1233333311975,1
"791","GNK001",12001461,"2010-09-17 11:00:00",0.126666665077209,1
"792","GNK001",12001461,"2010-09-17 11:30:00",0.126666665077209,1
"793","GNK001",12001461,"2010-09-17 12:00:00",0.128333332017064,1
"794","GNK001",12001461,"2010-09-17 12:30:00",0.129999998956919,1
"795","GNK001",12001461,"2010-09-17 13:00:00",0.131666665896773,1
"796","GNK001",12001461,"2010-09-17 13:30:00",0.128333332017064,1
"797","GNK001",12001461,"2010-09-17 14:00:00",0.131666665896773,1
"798","GNK001",12001461,"2010-09-17 14:30:00",0.128333332017064,1
"799","GNK001",12001461,"2010-09-17 15:00:00",0.129999998956919,1
"800","GNK001",12001461,"2010-09-17 15:30:00",0.129999998956919,1
"801","GNK001",12001461,"2010-09-17 16:00:00",0.47999999858439,1
"802","GNK001",12001461,"2010-09-17 16:30:00",1.01333335042,1
"803","GNK001",12001461,"2010-09-17 17:00:00",1.02166669070721,1
"804","GNK001",12001461,"2010-09-17 17:30:00",1.02500000596046,1
"805","GNK001",12001461,"2010-09-17 18:00:00",1.01833334565163,1
"806","GNK001",12001461,"2010-09-17 18:30:00",0.476666666567326,1
"807","GNK001",12001461,"2010-09-17 19:00:00",0.263333339244127,1
"808","GNK001",12001461,"2010-09-17 19:30:00",0.306666661053896,1
"809","GNK001",12001461,"2010-09-17 20:00:00",0.25000000372529,1
"810","GNK001",12001461,"2010-09-17 20:30:00",0.243333339691162,1
"811","GNK001",12001461,"2010-09-17 21:00:00",0.261666666716337,1
"812","GNK001",12001461,"2010-09-17 21:30:00",0.318333320319653,1
"813","GNK001",12001461,"2010-09-17 22:00:00",0.394999999552965,1
"814","GNK001",12001461,"2010-09-17 22:30:00",0.29500000551343,1
"815","GNK001",12001461,"2010-09-17 23:00:00",0.200000004842877,1
"816","GNK001",12001461,"2010-09-17 23:30:00",0.163333330303431,1
"817","GNK001",12001461,"2010-09-18 00:00:00",0.16499999910593,1
"818","GNK001",12001461,"2010-09-18 00:30:00",0.163333330303431,1
"819","GNK001",12001461,"2010-09-18 01:00:00",0.163333330303431,1
"820","GNK001",12001461,"2010-09-18 01:30:00",0.161666661500931,1
"821","GNK001",12001461,"2010-09-18 02:00:00",0.161666661500931,1
"822","GNK001",12001461,"2010-09-18 02:30:00",0.159999992698431,1
"823","GNK001",12001461,"2010-09-18 03:00:00",0.161666661500931,1
"824","GNK001",12001461,"2010-09-18 03:30:00",0.163333330303431,1
"825","GNK001",12001461,"2010-09-18 04:00:00",0.159999992698431,1
"826","GNK001",12001461,"2010-09-18 04:30:00",0.169999992474914,1
"827","GNK001",12001461,"2010-09-18 05:00:00",0.180000003427267,1
"828","GNK001",12001461,"2010-09-18 05:30:00",0.156666662544012,1
"829","GNK001",12001461,"2010-09-18 06:00:00",0.156666662544012,1
"830","GNK001",12001461,"2010-09-18 06:30:00",0.159999992698431,1
"831","GNK001",12001461,"2010-09-18 07:00:00",0.156666662544012,1
"832","GNK001",12001461,"2010-09-18 07:30:00",0.154999997466803,1
"833","GNK001",12001461,"2010-09-18 08:00:00",0.121666664257646,1
"834","GNK001",12001461,"2010-09-18 08:30:00",0.119999997317791,1
"835","GNK001",12001461,"2010-09-18 09:00:00",0.121666664257646,1
"836","GNK001",12001461,"2010-09-18 09:30:00",0.121666664257646,1
"837","GNK001",12001461,"2010-09-18 10:00:00",0.121666664257646,1
"838","GNK001",12001461,"2010-09-18 10:30:00",0.1233333311975,1
"839","GNK001",12001461,"2010-09-18 11:00:00",0.124999998137355,1
"840","GNK001",12001461,"2010-09-18 11:30:00",0.124999998137355,1
"841","GNK001",12001461,"2010-09-18 12:00:00",0.126666665077209,1
"842","GNK001",12001461,"2010-09-18 12:30:00",0.126666665077209,1
"843","GNK001",12001461,"2010-09-18 13:00:00",0.128333332017064,1
"844","GNK001",12001461,"2010-09-18 13:30:00",0.131666665896773,1
"845","GNK001",12001461,"2010-09-18 14:00:00",0.448333341628313,1
"846","GNK001",12001461,"2010-09-18 14:30:00",0.46000000089407,1
"847","GNK001",12001461,"2010-09-18 15:00:00",0.406666664406657,1
"848","GNK001",12001461,"2010-09-18 15:30:00",0.133333332836628,1
"849","GNK001",12001461,"2010-09-18 16:00:00",0.133333332836628,1
"850","GNK001",12001461,"2010-09-18 16:30:00",0.131666665896773,1
"851","GNK001",12001461,"2010-09-18 17:00:00",0.559999985620379,1
"852","GNK001",12001461,"2010-09-18 17:30:00",0.524999983608723,1
"853","GNK001",12001461,"2010-09-18 18:00:00",0.578333325684071,1
"854","GNK001",12001461,"2010-09-18 18:30:00",1.2050000205636,1
"855","GNK001",12001461,"2010-09-18 19:00:00",0.603333331644535,1
"856","GNK001",12001461,"2010-09-18 19:30:00",0.434999994933605,1
"857","GNK001",12001461,"2010-09-18 20:00:00",0.25166667252779,1
"858","GNK001",12001461,"2010-09-18 20:30:00",0.273333329707384,1
"859","GNK001",12001461,"2010-09-18 21:00:00",0.189999997615814,1
"860","GNK001",12001461,"2010-09-18 21:30:00",0.189999997615814,1
"861","GNK001",12001461,"2010-09-18 22:00:00",0.189999997615814,1
"862","GNK001",12001461,"2010-09-18 22:30:00",0.189999997615814,1
"863","GNK001",12001461,"2010-09-18 23:00:00",0.189999997615814,1
"864","GNK001",12001461,"2010-09-18 23:30:00",0.188333332538605,1
"865","GNK001",12001461,"2010-09-19 00:00:00",0.189999997615814,1
"866","GNK001",12001461,"2010-09-19 00:30:00",0.190000001341105,1
"867","GNK001",12001461,"2010-09-19 01:00:00",0.189999997615814,1
"868","GNK001",12001461,"2010-09-19 01:30:00",0.188333332538605,1
"869","GNK001",12001461,"2010-09-19 02:00:00",0.188333332538605,1
"870","GNK001",12001461,"2010-09-19 02:30:00",0.188333332538605,1
"871","GNK001",12001461,"2010-09-19 03:00:00",0.188333332538605,1
"872","GNK001",12001461,"2010-09-19 03:30:00",0.188333332538605,1
"873","GNK001",12001461,"2010-09-19 04:00:00",0.186666667461395,1
"874","GNK001",12001461,"2010-09-19 04:30:00",0.185000002384186,1
"875","GNK001",12001461,"2010-09-19 05:00:00",0.178333336487412,1
"876","GNK001",12001461,"2010-09-19 05:30:00",0.143333334475756,1
"877","GNK001",12001461,"2010-09-19 06:00:00",0.143333334475756,1
"878","GNK001",12001461,"2010-09-19 06:30:00",0.143333334475756,1
"879","GNK001",12001461,"2010-09-19 07:00:00",0.143333334475756,1
"880","GNK001",12001461,"2010-09-19 07:30:00",0.121666664257646,1
"881","GNK001",12001461,"2010-09-19 08:00:00",0.119999997317791,1
"882","GNK001",12001461,"2010-09-19 08:30:00",0.118333330377936,1
"883","GNK001",12001461,"2010-09-19 09:00:00",0.121666664257646,1
"884","GNK001",12001461,"2010-09-19 09:30:00",0.183333331719041,1
"885","GNK001",12001461,"2010-09-19 10:00:00",1.27666667103767,1
"886","GNK001",12001461,"2010-09-19 10:30:00",0.461666665971279,1
"887","GNK001",12001461,"2010-09-19 11:00:00",0.453333333134651,1
"888","GNK001",12001461,"2010-09-19 11:30:00",0.131666665896773,1
"889","GNK001",12001461,"2010-09-19 12:00:00",0.134999999776483,1
"890","GNK001",12001461,"2010-09-19 12:30:00",0.134999999776483,1
"891","GNK001",12001461,"2010-09-19 13:00:00",0.136666666716337,1
"892","GNK001",12001461,"2010-09-19 13:30:00",0.140000000596046,1
"893","GNK001",12001461,"2010-09-19 14:00:00",0.0550000006332994,1
"894","GNK001",12001461,"2010-09-19 14:30:00",0.234999993466772,1
"895","GNK001",12001461,"2010-09-19 15:00:00",0.624999997089617,1
"896","GNK001",12001461,"2010-09-19 15:30:00",1.08000004291534,1
"897","GNK001",12001461,"2010-09-19 16:00:00",1.06333334743977,1
"898","GNK001",12001461,"2010-09-19 16:30:00",1.01666668057442,1
"899","GNK001",12001461,"2010-09-19 17:00:00",0.551666668849066,1
"900","GNK001",12001461,"2010-09-19 17:30:00",0.00499999977182597,1
"901","GNK001",12001461,"2010-09-19 18:00:00",0.00166666659060866,1
"902","GNK001",12001461,"2010-09-19 18:30:00",1.07833334803581,1
"903","GNK001",12001461,"2010-09-19 19:00:00",1.53833337128162,1
"904","GNK001",12001461,"2010-09-19 19:30:00",0.598333314992487,1
"905","GNK001",12001461,"2010-09-19 20:00:00",0.618333354592323,1
"906","GNK001",12001461,"2010-09-19 20:30:00",0.175000006332994,1
"907","GNK001",12001461,"2010-09-19 21:00:00",0.381666667759418,1
"908","GNK001",12001461,"2010-09-19 21:30:00",0.111666662618518,1
"909","GNK001",12001461,"2010-09-19 22:00:00",0.0616666655987501,1
"910","GNK001",12001461,"2010-09-19 22:30:00",0.0683333333581686,1
"911","GNK001",12001461,"2010-09-19 23:00:00",0.0616666655987501,1
"912","GNK001",12001461,"2010-09-19 23:30:00",0.0616666655987501,1
"913","GNK001",12001461,"2010-09-20 00:00:00",0.0633333325386047,1
"914","GNK001",12001461,"2010-09-20 00:30:00",0.0616666655987501,1
"915","GNK001",12001461,"2010-09-20 01:00:00",0.0633333325386047,1
"916","GNK001",12001461,"2010-09-20 01:30:00",0.0616666655987501,1
"917","GNK001",12001461,"2010-09-20 02:00:00",0.0616666655987501,1
"918","GNK001",12001461,"2010-09-20 02:30:00",0.0633333325386047,1
"919","GNK001",12001461,"2010-09-20 03:00:00",0.0633333325386047,1
"920","GNK001",12001461,"2010-09-20 03:30:00",0.0616666655987501,1
"921","GNK001",12001461,"2010-09-20 04:00:00",0.0633333325386047,1
"922","GNK001",12001461,"2010-09-20 04:30:00",0.0616666655987501,1
"923","GNK001",12001461,"2010-09-20 05:00:00",0.0549999990034848,1
"924","GNK001",12001461,"2010-09-20 05:30:00",0.0133333328412846,1
"925","GNK001",12001461,"2010-09-20 06:00:00",0.00833333295304328,1
"926","GNK001",12001461,"2010-09-20 06:30:00",0.00833333295304328,1
"927","GNK001",12001461,"2010-09-20 07:00:00",0.00833333295304328,1
"928","GNK001",12001461,"2010-09-20 07:30:00",0.00833333295304328,1
"929","GNK001",12001461,"2010-09-20 08:00:00",0.00666666636243463,1
"930","GNK001",12001461,"2010-09-20 08:30:00",0.00166666659060866,1
"931","GNK001",12001461,"2010-09-20 09:00:00",0.00333333318121731,1
"932","GNK001",12001461,"2010-09-20 09:30:00",0.00833333295304328,1
"933","GNK001",12001461,"2010-09-20 10:00:00",0.0816666659666225,1
"934","GNK001",12001461,"2010-09-20 10:30:00",0.188333332538605,1
"935","GNK001",12001461,"2010-09-20 11:00:00",0.173333339393139,1
"936","GNK001",12001461,"2010-09-20 11:30:00",0.158333327621222,1
"937","GNK001",12001461,"2010-09-20 12:00:00",0.131666663684882,1
"938","GNK001",12001461,"2010-09-20 12:30:00",0.00833333295304328,1
"939","GNK001",12001461,"2010-09-20 13:00:00",0.00833333295304328,1
"940","GNK001",12001461,"2010-09-20 13:30:00",0.00833333295304328,1
"941","GNK001",12001461,"2010-09-20 14:00:00",0.00499999977182597,1
"942","GNK001",12001461,"2010-09-20 14:30:00",0.00166666659060866,1
"943","GNK001",12001461,"2010-09-20 15:00:00",0.175000002607703,1
"944","GNK001",12001461,"2010-09-20 15:30:00",0.170000003650784,1
"945","GNK001",12001461,"2010-09-20 16:00:00",0.153333332389593,1
"946","GNK001",12001461,"2010-09-20 16:30:00",1.12500002607703,1
"947","GNK001",12001461,"2010-09-20 17:00:00",1.20000001788139,1
"948","GNK001",12001461,"2010-09-20 17:30:00",1.1666666418314,1
"949","GNK001",12001461,"2010-09-20 18:00:00",1.36333332955837,1
"950","GNK001",12001461,"2010-09-20 18:30:00",1.20666667819023,1
"951","GNK001",12001461,"2010-09-20 19:00:00",0.673333328217268,1
"952","GNK001",12001461,"2010-09-20 19:30:00",0.521666657179594,1
"953","GNK001",12001461,"2010-09-20 20:00:00",0.243333332240582,1
"954","GNK001",12001461,"2010-09-20 20:30:00",0.263333331793547,1
"955","GNK001",12001461,"2010-09-20 21:00:00",0.230000007897615,1
"956","GNK001",12001461,"2010-09-20 21:30:00",0.200000010430813,1
"957","GNK001",12001461,"2010-09-20 22:00:00",0.198333341628313,1
"958","GNK001",12001461,"2010-09-20 22:30:00",0.196666672825813,1
"959","GNK001",12001461,"2010-09-20 23:00:00",0.200000010430813,1
"960","GNK001",12001461,"2010-09-20 23:30:00",0.198333341628313,1
"961","GNK001",12001461,"2010-09-21 00:00:00",0.196666672825813,1
"962","GNK001",12001461,"2010-09-21 00:30:00",0.200000010430813,1
"963","GNK001",12001461,"2010-09-21 01:00:00",0.198333341628313,1
"964","GNK001",12001461,"2010-09-21 01:30:00",0.196666672825813,1
"965","GNK001",12001461,"2010-09-21 02:00:00",0.195000004023314,1
"966","GNK001",12001461,"2010-09-21 02:30:00",0.196666672825813,1
"967","GNK001",12001461,"2010-09-21 03:00:00",0.195000004023314,1
"968","GNK001",12001461,"2010-09-21 03:30:00",0.195000004023314,1
"969","GNK001",12001461,"2010-09-21 04:00:00",0.195000004023314,1
"970","GNK001",12001461,"2010-09-21 04:30:00",0.193333335220814,1
"971","GNK001",12001461,"2010-09-21 05:00:00",0.193333333358169,1
"972","GNK001",12001461,"2010-09-21 05:30:00",0.589999988675117,1
"973","GNK001",12001461,"2010-09-21 06:00:00",0.421666663140059,1
"974","GNK001",12001461,"2010-09-21 06:30:00",0.250000005587935,1
"975","GNK001",12001461,"2010-09-21 07:00:00",0.208333333954215,1
"976","GNK001",12001461,"2010-09-21 07:30:00",0.140000000596046,1
"977","GNK001",12001461,"2010-09-21 08:00:00",0.134999999776483,1
"978","GNK001",12001461,"2010-09-21 08:30:00",0.134999999776483,1
"979","GNK001",12001461,"2010-09-21 09:00:00",0.134999999776483,1
"980","GNK001",12001461,"2010-09-21 09:30:00",0.136666666716337,1
"981","GNK001",12001461,"2010-09-21 10:00:00",0.136666666716337,1
"982","GNK001",12001461,"2010-09-21 10:30:00",0.134999999776483,1
"983","GNK001",12001461,"2010-09-21 11:00:00",0.138333333656192,1
"984","GNK001",12001461,"2010-09-21 11:30:00",0.324999999254942,1
"985","GNK001",12001461,"2010-09-21 12:00:00",1.16666667163372,1
"986","GNK001",12001461,"2010-09-21 12:30:00",1.06499999016523,1
"987","GNK001",12001461,"2010-09-21 13:00:00",0.151666667312384,1
"988","GNK001",12001461,"2010-09-21 13:30:00",0.328333334997296,1
"989","GNK001",12001461,"2010-09-21 14:00:00",0.153333332389593,1
"990","GNK001",12001461,"2010-09-21 14:30:00",0.14500000141561,1
"991","GNK001",12001461,"2010-09-21 15:00:00",0.461666679009795,1
"992","GNK001",12001461,"2010-09-21 15:30:00",0.375000005587935,1
"993","GNK001",12001461,"2010-09-21 16:00:00",0.14500000141561,1
"994","GNK001",12001461,"2010-09-21 16:30:00",0.14833333529532,1
"995","GNK001",12001461,"2010-09-21 17:00:00",0.151666667312384,1
"996","GNK001",12001461,"2010-09-21 17:30:00",0.148333333432674,1
"997","GNK001",12001461,"2010-09-21 18:00:00",1.12333330698311,1
"998","GNK001",12001461,"2010-09-21 18:30:00",0.8266666457057,1
"999","GNK001",12001461,"2010-09-21 19:00:00",0.611666653305292,1
"1000","GNK001",12001461,"2010-09-21 19:30:00",0.256666667759418,1
